USE mah_jong;

DELETE FROM half_round_games;
DELETE FROM players_hands;
DELETE FROM hands;
DELETE FROM players;

ALTER TABLE half_round_games auto_increment = 1;
ALTER TABLE players_hands auto_increment = 1;
ALTER TABLE hands auto_increment = 1;
ALTER TABLE players auto_increment = 1;

INSERT INTO players (id, name) VALUES
  (1, 'mike'), (2, 'bob'), (3, 'john'), (4, 'jack'),
  (5, 'mary'), (6, 'abby'), (7, 'alex'), (8, 'ann');
INSERT INTO hands (id, game_date) VALUES
  (1, '2021-11-13 00:00:00'), (2, '2021-11-20 00:00:00'),
  (3, '2021-12-02 00:00:00'), (4, '2021-12-25 00:00:00');
INSERT INTO players_hands (player_id, hand_id) VALUES
  (1, 1), (2, 1), (7, 1), (8, 1),
  (2, 2), (4, 2), (5, 2),
  (1, 3), (6, 3), (8, 3),
  (2, 4), (4, 4), (5, 4), (7, 4);
INSERT INTO half_round_games (id, player_id, hand_id, game_number, score, ranking) VALUES
  -- hand 1
  (1, 1, 1, 1, 12, 2), (2, 2, 1, 1, -19, 3), (3, 7, 1, 1, 38, 1), (4, 8, 1, 1, -41, 4),
  (5, 1, 1, 2, -73, 4), (6, 2, 1, 2, -21, 3), (7, 7, 1, 2, 12, 2), (8, 8, 1, 2, 82, 1),
  (9, 1, 1, 3, -41, 4), (10, 2, 1, 3, -13, 3), (11, 7, 1, 3, 0, 2), (12, 8, 1, 3, 51, 1),
  (13, 1, 1, 4, 54, 1), (14, 2, 1, 4, 21, 2), (15, 7, 1, 4, -22, 3), (16, 8, 1, 4, -53, 4),
  (17, 1, 1, 5, 1, 2), (18, 2, 1, 5, -13, 3), (19, 7, 1, 5, 29, 1), (20, 8, 1, 5, -17, 4),
  (21, 1, 1, 6, -32, 4), (22, 2, 1, 6, 41, 1), (23, 7, 1, 6, -18, 3), (24, 8, 1, 6, 9, 2),
  (25, 1, 1, 7, 17, 2), (26, 2, 1, 7, -12, 3), (27, 7, 1, 7, -39, 4), (28, 8, 1, 7, 34, 1),
  (29, 1, 1, 8, 1, 3), (30, 2, 1, 8, 11, 2), (31, 7, 1, 8, 45, 1), (32, 8, 1, 8, -57, 4),
  -- hand 2
  (33, 2, 2, 1, 2, 2), (34, 4, 2, 1, 22, 1), (35, 5, 2, 1, -24, 3),
  (36, 2, 2, 2, 47, 1), (37, 4, 2, 2, -18, 2), (38, 5, 2, 2, -29, 3),
  (39, 2, 2, 3, 10, 2), (40, 4, 2, 3, 14, 1), (41, 5, 2, 3, -24, 3),
  (42, 2, 2, 4, -26, 3), (43, 4, 2, 4, -1, 2), (44, 5, 2, 4, 27, 1),
  -- hand 3
  (45, 1, 3, 1, 0, 2), (46, 6, 3, 1, -21, 3), (47, 8, 3, 1, 21, 1),
  (48, 1, 3, 2, -25, 3), (49, 6, 3, 2, -11, 2), (50, 8, 3, 2, 34, 1),
  -- hand 4
  (51, 2, 4, 1, -16, 3), (52, 4, 4, 1, 23, 1), (53, 5, 4, 1, -21, 4), (54, 7, 4, 1, 14, 2),
  (55, 2, 4, 2, 0, 3), (56, 4, 4, 2, -39, 4), (57, 5, 4, 2, 31, 1), (58, 7, 4, 2, 8, 2),
  (59, 2, 4, 3, 34, 1), (60, 4, 4, 3, 17, 2), (61, 5, 4, 3, -14, 3), (62, 7, 4, 3, -37, 4),
  (63, 2, 4, 4, 4, 2), (64, 4, 4, 4, -8, 3), (65, 5, 4, 4, 19, 1), (66, 7, 4, 4, -15, 4),
  (67, 2, 4, 5, -34, 4), (68, 4, 4, 5, -27, 3), (69, 5, 4, 5, 20, 2), (70, 7, 4, 5, 41, 1);
